[
  {
    "sender": "admin",
    "text": "hii",
    "time": "2025-06-03T04:24:28.183Z",
    "seen": true
  },
  {
    "sender": "guest",
    "text": "hello",
    "time": "2025-06-03T04:25:07.753Z",
    "seen": true
  },
  {
    "sender": "guest",
    "text": "how are you",
    "time": "2025-06-03T04:25:26.962Z",
    "seen": true
  },
  {
    "sender": "guest",
    "text": "hlo",
    "time": "2025-06-03T05:01:08.448Z",
    "seen": true
  },
  {
    "sender": "riya",
    "text": "hii",
    "time": "2025-06-03T05:45:21.126Z",
    "seen": true
  },
  {
    "sender": "riya",
    "text": "hllo",
    "time": "2025-06-03T05:46:21.047Z",
    "seen": true
  },
  {
    "sender": "second",
    "text": "hii",
    "time": "2025-06-04T05:11:18.206Z",
    "seen": true
  },
  {
    "sender": "second",
    "text": "hii",
    "time": "2025-06-04T05:11:21.582Z",
    "seen": true
  },
  {
    "sender": "second",
    "text": "hii",
    "time": "2025-06-04T05:11:23.166Z",
    "seen": true
  },
  {
    "sender": "second",
    "text": "hii",
    "time": "2025-06-04T05:11:25.654Z",
    "seen": true
  },
  {
    "sender": "second",
    "text": "hii",
    "time": "2025-06-04T05:11:27.868Z",
    "seen": true
  },
  {
    "sender": "second",
    "text": "hii",
    "time": "2025-06-04T05:11:29.582Z",
    "seen": true
  },
  {
    "sender": "second",
    "text": "hii",
    "time": "2025-06-04T05:11:31.175Z",
    "seen": true
  },
  {
    "sender": "second",
    "text": "hii",
    "time": "2025-06-04T05:11:32.902Z",
    "seen": true
  },
  {
    "sender": "second",
    "text": "hii",
    "time": "2025-06-04T05:11:34.862Z",
    "seen": true
  },
  {
    "sender": "second",
    "text": "how are you",
    "time": "2025-06-04T05:13:19.430Z",
    "seen": true
  },
  {
    "sender": "second",
    "text": "heyy!",
    "time": "2025-06-04T05:13:26.822Z",
    "seen": true
  },
  {
    "sender": "manish",
    "text": "Heyy",
    "time": "2025-06-04T05:25:36.622Z",
    "seen": true
  },
  {
    "sender": "manish",
    "text": "How are you",
    "time": "2025-06-04T05:25:53.006Z",
    "seen": true
  },
  {
    "sender": "manish",
    "text": "Kya kr rhe ho",
    "time": "2025-06-04T05:32:03.803Z",
    "seen": true
  },
  {
    "sender": "second",
    "text": "fine",
    "time": "2025-06-04T05:32:41.607Z",
    "seen": true
  },
  {
    "sender": "manish",
    "text": "hii",
    "seen": true,
    "timestamp": "2025-06-04T07:42:58.991Z"
  },
  {
    "sender": "manish",
    "text": "hello",
    "seen": true,
    "timestamp": "2025-06-04T07:58:39.507Z"
  },
  {
    "sender": "manish",
    "text": "hii",
    "seen": true,
    "timestamp": "2025-06-04T08:08:46.306Z"
  },
  {
    "sender": "manish",
    "text": "hello",
    "seen": true,
    "timestamp": "2025-06-04T08:08:52.657Z"
  },
  {
    "sender": "manish",
    "text": "dfgsd",
    "seen": true,
    "timestamp": "2025-06-04T08:08:56.984Z"
  },
  {
    "sender": "manish",
    "text": "hii",
    "seen": true,
    "timestamp": "2025-06-04T08:09:59.358Z"
  },
  {
    "sender": "second",
    "text": "hi",
    "seen": true,
    "timestamp": "2025-06-04T08:21:21.357Z"
  },
  {
    "sender": "second",
    "text": "hi",
    "seen": true,
    "timestamp": "2025-06-04T08:21:24.134Z"
  },
  {
    "sender": "second",
    "text": "hadsf",
    "seen": true,
    "timestamp": "2025-06-04T08:21:25.420Z"
  },
  {
    "sender": "second",
    "text": "df",
    "seen": true,
    "timestamp": "2025-06-04T08:21:26.379Z"
  },
  {
    "sender": "second",
    "text": "dfg",
    "seen": true,
    "timestamp": "2025-06-04T08:21:28.262Z"
  },
  {
    "sender": "manish",
    "text": "erg",
    "seen": true,
    "timestamp": "2025-06-04T08:24:15.054Z"
  },
  {
    "sender": "second",
    "text": "hii",
    "seen": true,
    "timestamp": "2025-06-04T08:24:19.521Z"
  },
  {
    "sender": "manish",
    "text": "hii",
    "seen": true,
    "timestamp": "2025-06-04T08:39:02.152Z"
  },
  {
    "sender": "second",
    "text": "hello",
    "seen": true,
    "timestamp": "2025-06-04T08:39:43.618Z"
  },
  {
    "sender": "second",
    "text": "hii",
    "seen": true,
    "timestamp": "2025-06-04T08:42:31.643Z"
  },
  {
    "sender": "manish",
    "text": "hello",
    "seen": true,
    "timestamp": "2025-06-04T08:42:49.996Z"
  },
  {
    "sender": "second",
    "text": "hello",
    "seen": true,
    "timestamp": "2025-06-04T08:44:33.568Z"
  },
  {
    "sender": "second",
    "text": "cxvczx",
    "seen": true,
    "timestamp": "2025-06-04T08:44:37.096Z"
  },
  {
    "sender": "second",
    "text": "fd",
    "seen": true,
    "timestamp": "2025-06-04T08:44:38.082Z"
  },
  {
    "sender": "second",
    "text": "gdfg",
    "seen": true,
    "timestamp": "2025-06-04T08:44:38.918Z"
  },
  {
    "sender": "second",
    "text": "fdg",
    "seen": true,
    "timestamp": "2025-06-04T08:44:39.688Z"
  },
  {
    "sender": "second",
    "text": "gfdas",
    "seen": true,
    "timestamp": "2025-06-04T08:44:40.394Z"
  },
  {
    "sender": "manish",
    "text": "ty",
    "seen": true,
    "timestamp": "2025-06-04T08:46:20.581Z"
  },
  {
    "sender": "manish",
    "text": "hii",
    "seen": true,
    "timestamp": "2025-06-04T08:51:14.250Z"
  },
  {
    "sender": "manish",
    "text": "hjgkhjfgkhfu",
    "seen": true,
    "timestamp": "2025-06-04T08:51:15.649Z"
  },
  {
    "sender": "manish",
    "text": "heyy",
    "seen": true,
    "timestamp": "2025-06-04T08:52:44.770Z"
  },
  {
    "sender": "manish",
    "text": "hello",
    "seen": true,
    "timestamp": "2025-06-04T08:53:16.982Z"
  },
  {
    "sender": "second",
    "text": "excuse me ",
    "seen": true,
    "timestamp": "2025-06-04T09:03:48.271Z"
  },
  {
    "sender": "manish",
    "text": "heyy",
    "seen": true,
    "timestamp": "2025-06-04T09:04:04.152Z"
  },
  {
    "sender": "second",
    "text": "excuse me ",
    "seen": true,
    "timestamp": "2025-06-04T09:04:20.650Z"
  },
  {
    "sender": "second",
    "text": "hello",
    "seen": true,
    "timestamp": "2025-06-04T09:04:33.488Z"
  },
  {
    "sender": "manish",
    "text": "hii",
    "seen": false,
    "timestamp": "2025-07-10T03:59:01.059Z"
  },
  {
    "sender": "manish",
    "text": "yw",
    "seen": false,
    "timestamp": "2025-07-10T03:59:06.668Z"
  },
  {
    "sender": "manish",
    "text": "ter",
    "seen": false,
    "timestamp": "2025-07-10T03:59:07.723Z"
  },
  {
    "sender": "second",
    "text": "😊",
    "seen": true,
    "timestamp": "2025-07-10T03:59:55.057Z"
  }
]